{"cameraMode":{"drawMode":0,"name":"Shaded","section":"Shading Mode"},"sceneLighting":false,"audioPlay":false,"sceneViewState":{"showFog":true,"showMaterialUpdate":false,"showSkybox":false,"showFlares":true,"showImageEffects":true,"showParticleSystems":true},"in2DMode":false,"pivot":{"x":-0.3078889846801758,"y":15.136280059814454,"z":-0.31995105743408205},"rotation":{"x":0.293557733297348,"y":0.0024335593916475775,"z":-0.000017447357095079497,"w":0.9560879468917847},"size":126.77976989746094,"orthographic":true}