{"cameraMode":{"drawMode":0,"name":"Shaded","section":"Shading Mode"},"sceneLighting":false,"audioPlay":false,"sceneViewState":{"showFog":true,"showMaterialUpdate":false,"showSkybox":false,"showFlares":true,"showImageEffects":true,"showParticleSystems":true},"in2DMode":false,"pivot":{"x":12.954103469848633,"y":31.42868423461914,"z":20.594451904296876},"rotation":{"x":0.36437079310417178,"y":0.006611959543079138,"z":-0.0018454957753419877,"w":0.9313974380493164},"size":258.86126708984377,"orthographic":true}