{"cameraMode":{"drawMode":0,"name":"Shaded","section":"Shading Mode"},"sceneLighting":false,"audioPlay":false,"sceneViewState":{"showFog":true,"showMaterialUpdate":false,"showSkybox":false,"showFlares":true,"showImageEffects":true,"showParticleSystems":true},"in2DMode":false,"pivot":{"x":8.415992736816407,"y":-67.39402770996094,"z":83.96464538574219},"rotation":{"x":-0.32195141911506655,"y":-0.20729608833789826,"z":0.07247236371040344,"w":-0.9209438562393189},"size":350.0374755859375,"orthographic":false}