{"cameraMode":{"drawMode":0,"name":"Shaded","section":"Shading Mode"},"sceneLighting":false,"audioPlay":false,"sceneViewState":{"showFog":true,"showMaterialUpdate":false,"showSkybox":false,"showFlares":true,"showImageEffects":true,"showParticleSystems":true},"in2DMode":false,"pivot":{"x":-4.149971008300781,"y":23.57400894165039,"z":9.576762199401856},"rotation":{"x":-0.3852216303348541,"y":-0.0045077987015247349,"z":0.0015297862701117993,"w":-0.9229393601417542},"size":207.34280395507813,"orthographic":true}