{"cameraMode":{"drawMode":0,"name":"Shaded","section":"Shading Mode"},"sceneLighting":false,"audioPlay":false,"sceneViewState":{"showFog":true,"showMaterialUpdate":false,"showSkybox":false,"showFlares":true,"showImageEffects":true,"showParticleSystems":true},"in2DMode":false,"pivot":{"x":-9.096292495727539,"y":-123.026611328125,"z":-133.93255615234376},"rotation":{"x":-0.25668856501579287,"y":-0.297770619392395,"z":0.08347614854574204,"w":-0.9156903624534607},"size":9.567904472351075,"orthographic":false}