{"cameraMode":{"drawMode":0,"name":"Shaded","section":"Shading Mode"},"sceneLighting":true,"audioPlay":false,"sceneViewState":{"showFog":true,"showMaterialUpdate":true,"showSkybox":true,"showFlares":true,"showImageEffects":true,"showParticleSystems":true},"in2DMode":false,"pivot":{"x":-21.405780792236329,"y":-98.93476867675781,"z":43.01028060913086},"rotation":{"x":0.551152229309082,"y":-0.011522687040269375,"z":0.01543399877846241,"w":0.8345077037811279},"size":228.79457092285157,"orthographic":false}