{"cameraMode":{"drawMode":0,"name":"Shaded","section":"Shading Mode"},"sceneLighting":false,"audioPlay":false,"sceneViewState":{"showFog":true,"showMaterialUpdate":false,"showSkybox":false,"showFlares":true,"showImageEffects":true,"showParticleSystems":true},"in2DMode":false,"pivot":{"x":178.49000549316407,"y":2.2839999198913576,"z":165.20899963378907},"rotation":{"x":0.41981080174446108,"y":0.38591864705085757,"z":-0.20356960594654084,"w":0.7958609461784363},"size":2.3334522247314455,"orthographic":false}